{
	"BUILD_DIR" : "/Users/paw1a/study/oop/lab01/cmake-build-debug/lab01_autogen",
	"CMAKE_BINARY_DIR" : "/Users/paw1a/study/oop/lab01/cmake-build-debug",
	"CMAKE_CURRENT_BINARY_DIR" : "/Users/paw1a/study/oop/lab01/cmake-build-debug",
	"CMAKE_CURRENT_SOURCE_DIR" : "/Users/paw1a/study/oop/lab01",
	"CMAKE_EXECUTABLE" : "/Applications/CLion.app/Contents/bin/cmake/mac/bin/cmake",
	"CMAKE_LIST_FILES" : 
	[
		"/Users/paw1a/study/oop/lab01/CMakeLists.txt",
		"/Users/paw1a/study/oop/lab01/cmake-build-debug/CMakeFiles/3.21.1/CMakeSystem.cmake",
		"/Applications/CLion.app/Contents/bin/cmake/mac/share/cmake-3.21/Modules/CMakeSystemSpecificInitialize.cmake",
		"/Applications/CLion.app/Contents/bin/cmake/mac/share/cmake-3.21/Modules/Platform/Darwin-Initialize.cmake",
		"/Users/paw1a/study/oop/lab01/cmake-build-debug/CMakeFiles/3.21.1/CMakeCCompiler.cmake",
		"/Users/paw1a/study/oop/lab01/cmake-build-debug/CMakeFiles/3.21.1/CMakeCXXCompiler.cmake",
		"/Applications/CLion.app/Contents/bin/cmake/mac/share/cmake-3.21/Modules/CMakeSystemSpecificInformation.cmake",
		"/Applications/CLion.app/Contents/bin/cmake/mac/share/cmake-3.21/Modules/CMakeGenericSystem.cmake",
		"/Applications/CLion.app/Contents/bin/cmake/mac/share/cmake-3.21/Modules/CMakeInitializeConfigs.cmake",
		"/Applications/CLion.app/Contents/bin/cmake/mac/share/cmake-3.21/Modules/Platform/Darwin.cmake",
		"/Applications/CLion.app/Contents/bin/cmake/mac/share/cmake-3.21/Modules/Platform/UnixPaths.cmake",
		"/Applications/CLion.app/Contents/bin/cmake/mac/share/cmake-3.21/Modules/CMakeCInformation.cmake",
		"/Applications/CLion.app/Contents/bin/cmake/mac/share/cmake-3.21/Modules/CMakeLanguageInformation.cmake",
		"/Applications/CLion.app/Contents/bin/cmake/mac/share/cmake-3.21/Modules/Compiler/AppleClang-C.cmake",
		"/Applications/CLion.app/Contents/bin/cmake/mac/share/cmake-3.21/Modules/Compiler/Clang.cmake",
		"/Applications/CLion.app/Contents/bin/cmake/mac/share/cmake-3.21/Modules/Compiler/CMakeCommonCompilerMacros.cmake",
		"/Applications/CLion.app/Contents/bin/cmake/mac/share/cmake-3.21/Modules/Compiler/GNU.cmake",
		"/Applications/CLion.app/Contents/bin/cmake/mac/share/cmake-3.21/Modules/Compiler/CMakeCommonCompilerMacros.cmake",
		"/Applications/CLion.app/Contents/bin/cmake/mac/share/cmake-3.21/Modules/Platform/Apple-AppleClang-C.cmake",
		"/Applications/CLion.app/Contents/bin/cmake/mac/share/cmake-3.21/Modules/Platform/Apple-Clang-C.cmake",
		"/Applications/CLion.app/Contents/bin/cmake/mac/share/cmake-3.21/Modules/Platform/Apple-Clang.cmake",
		"/Applications/CLion.app/Contents/bin/cmake/mac/share/cmake-3.21/Modules/CMakeCommonLanguageInclude.cmake",
		"/Applications/CLion.app/Contents/bin/cmake/mac/share/cmake-3.21/Modules/CMakeCXXInformation.cmake",
		"/Applications/CLion.app/Contents/bin/cmake/mac/share/cmake-3.21/Modules/CMakeLanguageInformation.cmake",
		"/Applications/CLion.app/Contents/bin/cmake/mac/share/cmake-3.21/Modules/Compiler/AppleClang-CXX.cmake",
		"/Applications/CLion.app/Contents/bin/cmake/mac/share/cmake-3.21/Modules/Compiler/Clang.cmake",
		"/Applications/CLion.app/Contents/bin/cmake/mac/share/cmake-3.21/Modules/Platform/Apple-AppleClang-CXX.cmake",
		"/Applications/CLion.app/Contents/bin/cmake/mac/share/cmake-3.21/Modules/Platform/Apple-Clang-CXX.cmake",
		"/Applications/CLion.app/Contents/bin/cmake/mac/share/cmake-3.21/Modules/Platform/Apple-Clang.cmake",
		"/Applications/CLion.app/Contents/bin/cmake/mac/share/cmake-3.21/Modules/CMakeCommonLanguageInclude.cmake",
		"/opt/homebrew/lib/cmake/Qt6/Qt6ConfigVersion.cmake",
		"/opt/homebrew/lib/cmake/Qt6/Qt6ConfigVersionImpl.cmake",
		"/opt/homebrew/lib/cmake/Qt6/Qt6Config.cmake",
		"/opt/homebrew/lib/cmake/Qt6/Qt6ConfigExtras.cmake",
		"/opt/homebrew/lib/cmake/Qt6/QtPublicCMakeVersionHelpers.cmake",
		"/opt/homebrew/lib/cmake/Qt6/Qt6Targets.cmake",
		"/opt/homebrew/lib/cmake/Qt6/Qt6VersionlessTargets.cmake",
		"/opt/homebrew/lib/cmake/Qt6/QtFeature.cmake",
		"/opt/homebrew/Cellar/qt/6.4.2_2/lib/cmake/Qt6/QtFeatureCommon.cmake",
		"/Applications/CLion.app/Contents/bin/cmake/mac/share/cmake-3.21/Modules/CheckCXXCompilerFlag.cmake",
		"/Applications/CLion.app/Contents/bin/cmake/mac/share/cmake-3.21/Modules/CheckCXXSourceCompiles.cmake",
		"/Applications/CLion.app/Contents/bin/cmake/mac/share/cmake-3.21/Modules/Internal/CheckSourceCompiles.cmake",
		"/Applications/CLion.app/Contents/bin/cmake/mac/share/cmake-3.21/Modules/Internal/CheckCompilerFlag.cmake",
		"/Applications/CLion.app/Contents/bin/cmake/mac/share/cmake-3.21/Modules/Internal/CheckSourceCompiles.cmake",
		"/Applications/CLion.app/Contents/bin/cmake/mac/share/cmake-3.21/Modules/CMakeCheckCompilerFlagCommonPatterns.cmake",
		"/opt/homebrew/lib/cmake/Qt6/QtPublicAppleHelpers.cmake",
		"/opt/homebrew/lib/cmake/Qt6/QtPublicFinalizerHelpers.cmake",
		"/opt/homebrew/lib/cmake/Qt6/QtPublicPluginHelpers.cmake",
		"/opt/homebrew/lib/cmake/Qt6/QtPublicTargetHelpers.cmake",
		"/opt/homebrew/lib/cmake/Qt6/QtPublicWalkLibsHelpers.cmake",
		"/opt/homebrew/lib/cmake/Qt6/QtPublicFindPackageHelpers.cmake",
		"/opt/homebrew/lib/cmake/Qt6/QtPublicDependencyHelpers.cmake",
		"/opt/homebrew/lib/cmake/Qt6/QtPublicTestHelpers.cmake",
		"/opt/homebrew/lib/cmake/Qt6/QtPublicToolHelpers.cmake",
		"/opt/homebrew/lib/cmake/Qt6/QtPublicCMakeHelpers.cmake",
		"/Applications/CLion.app/Contents/bin/cmake/mac/share/cmake-3.21/Modules/CMakeFindDependencyMacro.cmake",
		"/opt/homebrew/lib/cmake/Qt6/Qt6Dependencies.cmake",
		"/Applications/CLion.app/Contents/bin/cmake/mac/share/cmake-3.21/Modules/FindThreads.cmake",
		"/Applications/CLion.app/Contents/bin/cmake/mac/share/cmake-3.21/Modules/CheckLibraryExists.cmake",
		"/Applications/CLion.app/Contents/bin/cmake/mac/share/cmake-3.21/Modules/CheckIncludeFile.cmake",
		"/Applications/CLion.app/Contents/bin/cmake/mac/share/cmake-3.21/Modules/CheckCSourceCompiles.cmake",
		"/Applications/CLion.app/Contents/bin/cmake/mac/share/cmake-3.21/Modules/Internal/CheckSourceCompiles.cmake",
		"/Applications/CLion.app/Contents/bin/cmake/mac/share/cmake-3.21/Modules/FindPackageHandleStandardArgs.cmake",
		"/Applications/CLion.app/Contents/bin/cmake/mac/share/cmake-3.21/Modules/FindPackageMessage.cmake",
		"/opt/homebrew/lib/cmake/Qt6Core/Qt6CoreConfigVersion.cmake",
		"/opt/homebrew/lib/cmake/Qt6Core/Qt6CoreConfigVersionImpl.cmake",
		"/opt/homebrew/lib/cmake/Qt6Core/Qt6CoreConfig.cmake",
		"/Applications/CLion.app/Contents/bin/cmake/mac/share/cmake-3.21/Modules/CMakeFindDependencyMacro.cmake",
		"/opt/homebrew/lib/cmake/Qt6Core/Qt6CoreDependencies.cmake",
		"/opt/homebrew/Cellar/qt/6.4.2_2/lib/cmake/Qt6/FindWrapAtomic.cmake",
		"/Applications/CLion.app/Contents/bin/cmake/mac/share/cmake-3.21/Modules/CheckCXXSourceCompiles.cmake",
		"/Applications/CLion.app/Contents/bin/cmake/mac/share/cmake-3.21/Modules/FindPackageHandleStandardArgs.cmake",
		"/Applications/CLion.app/Contents/bin/cmake/mac/share/cmake-3.21/Modules/FindPackageMessage.cmake",
		"/opt/homebrew/lib/cmake/Qt6CoreTools/Qt6CoreToolsConfigVersion.cmake",
		"/opt/homebrew/lib/cmake/Qt6CoreTools/Qt6CoreToolsConfigVersionImpl.cmake",
		"/opt/homebrew/lib/cmake/Qt6CoreTools/Qt6CoreToolsConfig.cmake",
		"/Applications/CLion.app/Contents/bin/cmake/mac/share/cmake-3.21/Modules/CMakeFindDependencyMacro.cmake",
		"/opt/homebrew/lib/cmake/Qt6CoreTools/Qt6CoreToolsDependencies.cmake",
		"/opt/homebrew/lib/cmake/Qt6CoreTools/Qt6CoreToolsTargets.cmake",
		"/opt/homebrew/lib/cmake/Qt6CoreTools/Qt6CoreToolsTargets-release.cmake",
		"/opt/homebrew/lib/cmake/Qt6CoreTools/Qt6CoreToolsAdditionalTargetInfo.cmake",
		"/opt/homebrew/lib/cmake/Qt6CoreTools/Qt6CoreToolsVersionlessTargets.cmake",
		"/opt/homebrew/lib/cmake/Qt6Core/Qt6CoreTargets.cmake",
		"/opt/homebrew/lib/cmake/Qt6Core/Qt6CoreTargets-release.cmake",
		"/opt/homebrew/lib/cmake/Qt6Core/Qt6CoreAdditionalTargetInfo.cmake",
		"/opt/homebrew/lib/cmake/Qt6Core/Qt6CoreVersionlessTargets.cmake",
		"/opt/homebrew/lib/cmake/Qt6Core/Qt6CoreMacros.cmake",
		"/opt/homebrew/lib/cmake/Qt6Core/Qt6CoreConfigExtras.cmake",
		"/Applications/CLion.app/Contents/bin/cmake/mac/share/cmake-3.21/Modules/GNUInstallDirs.cmake",
		"/opt/homebrew/lib/cmake/Qt6Gui/Qt6GuiConfigVersion.cmake",
		"/opt/homebrew/lib/cmake/Qt6Gui/Qt6GuiConfigVersionImpl.cmake",
		"/opt/homebrew/lib/cmake/Qt6Gui/Qt6GuiConfig.cmake",
		"/Applications/CLion.app/Contents/bin/cmake/mac/share/cmake-3.21/Modules/CMakeFindDependencyMacro.cmake",
		"/opt/homebrew/lib/cmake/Qt6Gui/Qt6GuiDependencies.cmake",
		"/opt/homebrew/Cellar/qt/6.4.2_2/lib/cmake/Qt6/FindWrapOpenGL.cmake",
		"/Applications/CLion.app/Contents/bin/cmake/mac/share/cmake-3.21/Modules/FindOpenGL.cmake",
		"/Applications/CLion.app/Contents/bin/cmake/mac/share/cmake-3.21/Modules/FindPackageHandleStandardArgs.cmake",
		"/Applications/CLion.app/Contents/bin/cmake/mac/share/cmake-3.21/Modules/FindPackageMessage.cmake",
		"/Applications/CLion.app/Contents/bin/cmake/mac/share/cmake-3.21/Modules/FindPackageHandleStandardArgs.cmake",
		"/Applications/CLion.app/Contents/bin/cmake/mac/share/cmake-3.21/Modules/FindPackageMessage.cmake",
		"/opt/homebrew/Cellar/qt/6.4.2_2/lib/cmake/Qt6/FindWrapVulkanHeaders.cmake",
		"/Applications/CLion.app/Contents/bin/cmake/mac/share/cmake-3.21/Modules/FindVulkan.cmake",
		"/Applications/CLion.app/Contents/bin/cmake/mac/share/cmake-3.21/Modules/FindPackageHandleStandardArgs.cmake",
		"/Applications/CLion.app/Contents/bin/cmake/mac/share/cmake-3.21/Modules/FindPackageMessage.cmake",
		"/Applications/CLion.app/Contents/bin/cmake/mac/share/cmake-3.21/Modules/FindPackageHandleStandardArgs.cmake",
		"/Applications/CLion.app/Contents/bin/cmake/mac/share/cmake-3.21/Modules/FindPackageMessage.cmake",
		"/opt/homebrew/lib/cmake/Qt6GuiTools/Qt6GuiToolsConfigVersion.cmake",
		"/opt/homebrew/lib/cmake/Qt6GuiTools/Qt6GuiToolsConfigVersionImpl.cmake",
		"/opt/homebrew/lib/cmake/Qt6GuiTools/Qt6GuiToolsConfig.cmake",
		"/Applications/CLion.app/Contents/bin/cmake/mac/share/cmake-3.21/Modules/CMakeFindDependencyMacro.cmake",
		"/opt/homebrew/lib/cmake/Qt6GuiTools/Qt6GuiToolsDependencies.cmake",
		"/opt/homebrew/lib/cmake/Qt6GuiTools/Qt6GuiToolsTargets.cmake",
		"/opt/homebrew/lib/cmake/Qt6GuiTools/Qt6GuiToolsTargets-release.cmake",
		"/opt/homebrew/lib/cmake/Qt6GuiTools/Qt6GuiToolsAdditionalTargetInfo.cmake",
		"/opt/homebrew/lib/cmake/Qt6GuiTools/Qt6GuiToolsVersionlessTargets.cmake",
		"/opt/homebrew/lib/cmake/Qt6DBus/Qt6DBusConfigVersion.cmake",
		"/opt/homebrew/lib/cmake/Qt6DBus/Qt6DBusConfigVersionImpl.cmake",
		"/opt/homebrew/lib/cmake/Qt6DBus/Qt6DBusConfig.cmake",
		"/Applications/CLion.app/Contents/bin/cmake/mac/share/cmake-3.21/Modules/CMakeFindDependencyMacro.cmake",
		"/opt/homebrew/lib/cmake/Qt6DBus/Qt6DBusDependencies.cmake",
		"/opt/homebrew/lib/cmake/Qt6DBusTools/Qt6DBusToolsConfigVersion.cmake",
		"/opt/homebrew/lib/cmake/Qt6DBusTools/Qt6DBusToolsConfigVersionImpl.cmake",
		"/opt/homebrew/lib/cmake/Qt6DBusTools/Qt6DBusToolsConfig.cmake",
		"/Applications/CLion.app/Contents/bin/cmake/mac/share/cmake-3.21/Modules/CMakeFindDependencyMacro.cmake",
		"/opt/homebrew/lib/cmake/Qt6DBusTools/Qt6DBusToolsDependencies.cmake",
		"/opt/homebrew/lib/cmake/Qt6DBusTools/Qt6DBusToolsTargets.cmake",
		"/opt/homebrew/lib/cmake/Qt6DBusTools/Qt6DBusToolsTargets-release.cmake",
		"/opt/homebrew/lib/cmake/Qt6DBusTools/Qt6DBusToolsAdditionalTargetInfo.cmake",
		"/opt/homebrew/lib/cmake/Qt6DBusTools/Qt6DBusToolsVersionlessTargets.cmake",
		"/opt/homebrew/lib/cmake/Qt6DBus/Qt6DBusTargets.cmake",
		"/opt/homebrew/lib/cmake/Qt6DBus/Qt6DBusTargets-release.cmake",
		"/opt/homebrew/lib/cmake/Qt6DBus/Qt6DBusAdditionalTargetInfo.cmake",
		"/opt/homebrew/lib/cmake/Qt6DBus/Qt6DBusVersionlessTargets.cmake",
		"/opt/homebrew/lib/cmake/Qt6DBus/Qt6DBusMacros.cmake",
		"/Applications/CLion.app/Contents/bin/cmake/mac/share/cmake-3.21/Modules/MacroAddFileDependencies.cmake",
		"/opt/homebrew/lib/cmake/Qt6Gui/Qt6GuiTargets.cmake",
		"/opt/homebrew/lib/cmake/Qt6Gui/Qt6GuiTargets-release.cmake",
		"/opt/homebrew/lib/cmake/Qt6Gui/Qt6GuiAdditionalTargetInfo.cmake",
		"/opt/homebrew/lib/cmake/Qt6Gui/Qt6GuiVersionlessTargets.cmake",
		"/opt/homebrew/lib/cmake/Qt6Gui/Qt6GuiPlugins.cmake",
		"/opt/homebrew/lib/cmake/Qt6Gui/Qt6QCocoaIntegrationPluginConfig.cmake",
		"/Applications/CLion.app/Contents/bin/cmake/mac/share/cmake-3.21/Modules/CMakeFindDependencyMacro.cmake",
		"/opt/homebrew/lib/cmake/Qt6Gui/Qt6QCocoaIntegrationPluginTargets.cmake",
		"/opt/homebrew/lib/cmake/Qt6Gui/Qt6QCocoaIntegrationPluginTargets-release.cmake",
		"/opt/homebrew/lib/cmake/Qt6Gui/Qt6QCocoaIntegrationPluginAdditionalTargetInfo.cmake",
		"/opt/homebrew/lib/cmake/Qt6Gui/Qt6QGifPluginConfig.cmake",
		"/Applications/CLion.app/Contents/bin/cmake/mac/share/cmake-3.21/Modules/CMakeFindDependencyMacro.cmake",
		"/opt/homebrew/lib/cmake/Qt6Gui/Qt6QGifPluginTargets.cmake",
		"/opt/homebrew/lib/cmake/Qt6Gui/Qt6QGifPluginTargets-release.cmake",
		"/opt/homebrew/lib/cmake/Qt6Gui/Qt6QGifPluginAdditionalTargetInfo.cmake",
		"/opt/homebrew/lib/cmake/Qt6Gui/Qt6QICNSPluginConfig.cmake",
		"/Applications/CLion.app/Contents/bin/cmake/mac/share/cmake-3.21/Modules/CMakeFindDependencyMacro.cmake",
		"/opt/homebrew/lib/cmake/Qt6Gui/Qt6QICNSPluginTargets.cmake",
		"/opt/homebrew/lib/cmake/Qt6Gui/Qt6QICNSPluginTargets-release.cmake",
		"/opt/homebrew/lib/cmake/Qt6Gui/Qt6QICNSPluginAdditionalTargetInfo.cmake",
		"/opt/homebrew/lib/cmake/Qt6Gui/Qt6QICOPluginConfig.cmake",
		"/Applications/CLion.app/Contents/bin/cmake/mac/share/cmake-3.21/Modules/CMakeFindDependencyMacro.cmake",
		"/opt/homebrew/lib/cmake/Qt6Gui/Qt6QICOPluginTargets.cmake",
		"/opt/homebrew/lib/cmake/Qt6Gui/Qt6QICOPluginTargets-release.cmake",
		"/opt/homebrew/lib/cmake/Qt6Gui/Qt6QICOPluginAdditionalTargetInfo.cmake",
		"/opt/homebrew/lib/cmake/Qt6Gui/Qt6QJp2PluginConfig.cmake",
		"/Applications/CLion.app/Contents/bin/cmake/mac/share/cmake-3.21/Modules/CMakeFindDependencyMacro.cmake",
		"/opt/homebrew/lib/cmake/Qt6Gui/Qt6QJp2PluginTargets.cmake",
		"/opt/homebrew/lib/cmake/Qt6Gui/Qt6QJp2PluginTargets-release.cmake",
		"/opt/homebrew/lib/cmake/Qt6Gui/Qt6QJp2PluginAdditionalTargetInfo.cmake",
		"/opt/homebrew/lib/cmake/Qt6Gui/Qt6QJpegPluginConfig.cmake",
		"/Applications/CLion.app/Contents/bin/cmake/mac/share/cmake-3.21/Modules/CMakeFindDependencyMacro.cmake",
		"/opt/homebrew/lib/cmake/Qt6Gui/Qt6QJpegPluginTargets.cmake",
		"/opt/homebrew/lib/cmake/Qt6Gui/Qt6QJpegPluginTargets-release.cmake",
		"/opt/homebrew/lib/cmake/Qt6Gui/Qt6QJpegPluginAdditionalTargetInfo.cmake",
		"/opt/homebrew/lib/cmake/Qt6Gui/Qt6QMacHeifPluginConfig.cmake",
		"/Applications/CLion.app/Contents/bin/cmake/mac/share/cmake-3.21/Modules/CMakeFindDependencyMacro.cmake",
		"/opt/homebrew/lib/cmake/Qt6Gui/Qt6QMacHeifPluginTargets.cmake",
		"/opt/homebrew/lib/cmake/Qt6Gui/Qt6QMacHeifPluginTargets-release.cmake",
		"/opt/homebrew/lib/cmake/Qt6Gui/Qt6QMacHeifPluginAdditionalTargetInfo.cmake",
		"/opt/homebrew/lib/cmake/Qt6Gui/Qt6QMinimalIntegrationPluginConfig.cmake",
		"/Applications/CLion.app/Contents/bin/cmake/mac/share/cmake-3.21/Modules/CMakeFindDependencyMacro.cmake",
		"/opt/homebrew/lib/cmake/Qt6Gui/Qt6QMinimalIntegrationPluginTargets.cmake",
		"/opt/homebrew/lib/cmake/Qt6Gui/Qt6QMinimalIntegrationPluginTargets-release.cmake",
		"/opt/homebrew/lib/cmake/Qt6Gui/Qt6QMinimalIntegrationPluginAdditionalTargetInfo.cmake",
		"/opt/homebrew/lib/cmake/Qt6Gui/Qt6QMngPluginConfig.cmake",
		"/Applications/CLion.app/Contents/bin/cmake/mac/share/cmake-3.21/Modules/CMakeFindDependencyMacro.cmake",
		"/opt/homebrew/lib/cmake/Qt6Gui/Qt6QMngPluginTargets.cmake",
		"/opt/homebrew/lib/cmake/Qt6Gui/Qt6QMngPluginTargets-release.cmake",
		"/opt/homebrew/lib/cmake/Qt6Gui/Qt6QMngPluginAdditionalTargetInfo.cmake",
		"/opt/homebrew/lib/cmake/Qt6Gui/Qt6QOffscreenIntegrationPluginConfig.cmake",
		"/Applications/CLion.app/Contents/bin/cmake/mac/share/cmake-3.21/Modules/CMakeFindDependencyMacro.cmake",
		"/opt/homebrew/lib/cmake/Qt6Gui/Qt6QOffscreenIntegrationPluginTargets.cmake",
		"/opt/homebrew/lib/cmake/Qt6Gui/Qt6QOffscreenIntegrationPluginTargets-release.cmake",
		"/opt/homebrew/lib/cmake/Qt6Gui/Qt6QOffscreenIntegrationPluginAdditionalTargetInfo.cmake",
		"/opt/homebrew/lib/cmake/Qt6Gui/Qt6QPdfPluginConfig.cmake",
		"/Applications/CLion.app/Contents/bin/cmake/mac/share/cmake-3.21/Modules/CMakeFindDependencyMacro.cmake",
		"/opt/homebrew/lib/cmake/Qt6Gui/Qt6QPdfPluginTargets.cmake",
		"/opt/homebrew/lib/cmake/Qt6Gui/Qt6QPdfPluginTargets-release.cmake",
		"/opt/homebrew/lib/cmake/Qt6Gui/Qt6QPdfPluginAdditionalTargetInfo.cmake",
		"/opt/homebrew/lib/cmake/Qt6Gui/Qt6QSvgIconPluginConfig.cmake",
		"/Applications/CLion.app/Contents/bin/cmake/mac/share/cmake-3.21/Modules/CMakeFindDependencyMacro.cmake",
		"/opt/homebrew/lib/cmake/Qt6Gui/Qt6QSvgIconPluginTargets.cmake",
		"/opt/homebrew/lib/cmake/Qt6Gui/Qt6QSvgIconPluginTargets-release.cmake",
		"/opt/homebrew/lib/cmake/Qt6Gui/Qt6QSvgIconPluginAdditionalTargetInfo.cmake",
		"/opt/homebrew/lib/cmake/Qt6Gui/Qt6QSvgPluginConfig.cmake",
		"/Applications/CLion.app/Contents/bin/cmake/mac/share/cmake-3.21/Modules/CMakeFindDependencyMacro.cmake",
		"/opt/homebrew/lib/cmake/Qt6Gui/Qt6QSvgPluginTargets.cmake",
		"/opt/homebrew/lib/cmake/Qt6Gui/Qt6QSvgPluginTargets-release.cmake",
		"/opt/homebrew/lib/cmake/Qt6Gui/Qt6QSvgPluginAdditionalTargetInfo.cmake",
		"/opt/homebrew/lib/cmake/Qt6Gui/Qt6QTgaPluginConfig.cmake",
		"/Applications/CLion.app/Contents/bin/cmake/mac/share/cmake-3.21/Modules/CMakeFindDependencyMacro.cmake",
		"/opt/homebrew/lib/cmake/Qt6Gui/Qt6QTgaPluginTargets.cmake",
		"/opt/homebrew/lib/cmake/Qt6Gui/Qt6QTgaPluginTargets-release.cmake",
		"/opt/homebrew/lib/cmake/Qt6Gui/Qt6QTgaPluginAdditionalTargetInfo.cmake",
		"/opt/homebrew/lib/cmake/Qt6Gui/Qt6QTiffPluginConfig.cmake",
		"/Applications/CLion.app/Contents/bin/cmake/mac/share/cmake-3.21/Modules/CMakeFindDependencyMacro.cmake",
		"/opt/homebrew/lib/cmake/Qt6Gui/Qt6QTiffPluginTargets.cmake",
		"/opt/homebrew/lib/cmake/Qt6Gui/Qt6QTiffPluginTargets-release.cmake",
		"/opt/homebrew/lib/cmake/Qt6Gui/Qt6QTiffPluginAdditionalTargetInfo.cmake",
		"/opt/homebrew/lib/cmake/Qt6Gui/Qt6QTuioTouchPluginConfig.cmake",
		"/Applications/CLion.app/Contents/bin/cmake/mac/share/cmake-3.21/Modules/CMakeFindDependencyMacro.cmake",
		"/opt/homebrew/lib/cmake/Qt6Gui/Qt6QTuioTouchPluginTargets.cmake",
		"/opt/homebrew/lib/cmake/Qt6Gui/Qt6QTuioTouchPluginTargets-release.cmake",
		"/opt/homebrew/lib/cmake/Qt6Gui/Qt6QTuioTouchPluginAdditionalTargetInfo.cmake",
		"/opt/homebrew/lib/cmake/Qt6Gui/Qt6QVirtualKeyboardPluginConfig.cmake",
		"/Applications/CLion.app/Contents/bin/cmake/mac/share/cmake-3.21/Modules/CMakeFindDependencyMacro.cmake",
		"/opt/homebrew/lib/cmake/Qt6Gui/Qt6QVirtualKeyboardPluginTargets.cmake",
		"/opt/homebrew/lib/cmake/Qt6Gui/Qt6QVirtualKeyboardPluginTargets-release.cmake",
		"/opt/homebrew/lib/cmake/Qt6Gui/Qt6QVirtualKeyboardPluginAdditionalTargetInfo.cmake",
		"/opt/homebrew/lib/cmake/Qt6Gui/Qt6QWbmpPluginConfig.cmake",
		"/Applications/CLion.app/Contents/bin/cmake/mac/share/cmake-3.21/Modules/CMakeFindDependencyMacro.cmake",
		"/opt/homebrew/lib/cmake/Qt6Gui/Qt6QWbmpPluginTargets.cmake",
		"/opt/homebrew/lib/cmake/Qt6Gui/Qt6QWbmpPluginTargets-release.cmake",
		"/opt/homebrew/lib/cmake/Qt6Gui/Qt6QWbmpPluginAdditionalTargetInfo.cmake",
		"/opt/homebrew/lib/cmake/Qt6Gui/Qt6QWebpPluginConfig.cmake",
		"/Applications/CLion.app/Contents/bin/cmake/mac/share/cmake-3.21/Modules/CMakeFindDependencyMacro.cmake",
		"/opt/homebrew/lib/cmake/Qt6Gui/Qt6QWebpPluginTargets.cmake",
		"/opt/homebrew/lib/cmake/Qt6Gui/Qt6QWebpPluginTargets-release.cmake",
		"/opt/homebrew/lib/cmake/Qt6Gui/Qt6QWebpPluginAdditionalTargetInfo.cmake",
		"/opt/homebrew/lib/cmake/Qt6Widgets/Qt6WidgetsConfigVersion.cmake",
		"/opt/homebrew/lib/cmake/Qt6Widgets/Qt6WidgetsConfigVersionImpl.cmake",
		"/opt/homebrew/lib/cmake/Qt6Widgets/Qt6WidgetsConfig.cmake",
		"/Applications/CLion.app/Contents/bin/cmake/mac/share/cmake-3.21/Modules/CMakeFindDependencyMacro.cmake",
		"/opt/homebrew/lib/cmake/Qt6Widgets/Qt6WidgetsDependencies.cmake",
		"/opt/homebrew/lib/cmake/Qt6WidgetsTools/Qt6WidgetsToolsConfigVersion.cmake",
		"/opt/homebrew/lib/cmake/Qt6WidgetsTools/Qt6WidgetsToolsConfigVersionImpl.cmake",
		"/opt/homebrew/lib/cmake/Qt6WidgetsTools/Qt6WidgetsToolsConfig.cmake",
		"/Applications/CLion.app/Contents/bin/cmake/mac/share/cmake-3.21/Modules/CMakeFindDependencyMacro.cmake",
		"/opt/homebrew/lib/cmake/Qt6WidgetsTools/Qt6WidgetsToolsDependencies.cmake",
		"/opt/homebrew/lib/cmake/Qt6WidgetsTools/Qt6WidgetsToolsTargets.cmake",
		"/opt/homebrew/lib/cmake/Qt6WidgetsTools/Qt6WidgetsToolsTargets-release.cmake",
		"/opt/homebrew/lib/cmake/Qt6WidgetsTools/Qt6WidgetsToolsAdditionalTargetInfo.cmake",
		"/opt/homebrew/lib/cmake/Qt6WidgetsTools/Qt6WidgetsToolsVersionlessTargets.cmake",
		"/opt/homebrew/lib/cmake/Qt6Widgets/Qt6WidgetsTargets.cmake",
		"/opt/homebrew/lib/cmake/Qt6Widgets/Qt6WidgetsTargets-release.cmake",
		"/opt/homebrew/lib/cmake/Qt6Widgets/Qt6WidgetsAdditionalTargetInfo.cmake",
		"/opt/homebrew/lib/cmake/Qt6Widgets/Qt6WidgetsVersionlessTargets.cmake",
		"/opt/homebrew/lib/cmake/Qt6Widgets/Qt6WidgetsMacros.cmake",
		"/opt/homebrew/lib/cmake/Qt6Widgets/Qt6WidgetsPlugins.cmake",
		"/opt/homebrew/lib/cmake/Qt6Widgets/Qt6QMacStylePluginConfig.cmake",
		"/Applications/CLion.app/Contents/bin/cmake/mac/share/cmake-3.21/Modules/CMakeFindDependencyMacro.cmake",
		"/opt/homebrew/lib/cmake/Qt6Widgets/Qt6QMacStylePluginTargets.cmake",
		"/opt/homebrew/lib/cmake/Qt6Widgets/Qt6QMacStylePluginTargets-release.cmake",
		"/opt/homebrew/lib/cmake/Qt6Widgets/Qt6QMacStylePluginAdditionalTargetInfo.cmake"
	],
	"CMAKE_SOURCE_DIR" : "/Users/paw1a/study/oop/lab01",
	"DEP_FILE" : "/Users/paw1a/study/oop/lab01/cmake-build-debug/lab01_autogen/deps",
	"DEP_FILE_RULE_NAME" : "lab01_autogen/timestamp",
	"HEADERS" : 
	[
		[
			"/Users/paw1a/study/oop/lab01/draw.h",
			"MU",
			"EWIEGA46WW/moc_draw.cpp",
			null
		],
		[
			"/Users/paw1a/study/oop/lab01/edges.h",
			"MU",
			"EWIEGA46WW/moc_edges.cpp",
			null
		],
		[
			"/Users/paw1a/study/oop/lab01/error.h",
			"MU",
			"EWIEGA46WW/moc_error.cpp",
			null
		],
		[
			"/Users/paw1a/study/oop/lab01/event.h",
			"MU",
			"EWIEGA46WW/moc_event.cpp",
			null
		],
		[
			"/Users/paw1a/study/oop/lab01/figure.h",
			"MU",
			"EWIEGA46WW/moc_figure.cpp",
			null
		],
		[
			"/Users/paw1a/study/oop/lab01/mainwindow.h",
			"MU",
			"EWIEGA46WW/moc_mainwindow.cpp",
			null
		],
		[
			"/Users/paw1a/study/oop/lab01/point.h",
			"MU",
			"EWIEGA46WW/moc_point.cpp",
			null
		],
		[
			"/Users/paw1a/study/oop/lab01/points.h",
			"MU",
			"EWIEGA46WW/moc_points.cpp",
			null
		]
	],
	"HEADER_EXTENSIONS" : [ "h", "hh", "h++", "hm", "hpp", "hxx", "in", "txx" ],
	"INCLUDE_DIR" : "/Users/paw1a/study/oop/lab01/cmake-build-debug/lab01_autogen/include",
	"MOC_COMPILATION_FILE" : "/Users/paw1a/study/oop/lab01/cmake-build-debug/lab01_autogen/mocs_compilation.cpp",
	"MOC_DEFINITIONS" : [ "QT_CORE_LIB", "QT_GUI_LIB", "QT_WIDGETS_LIB" ],
	"MOC_DEPEND_FILTERS" : 
	[
		[
			"Q_PLUGIN_METADATA",
			"[\n][ \t]*Q_PLUGIN_METADATA[ \t]*\\([^\\)]*FILE[ \t]*\"([^\"]+)\""
		]
	],
	"MOC_INCLUDES" : 
	[
		"/opt/homebrew/lib/QtCore.framework/Headers",
		"/opt/homebrew/lib/QtCore.framework",
		"/opt/homebrew/share/qt/mkspecs/macx-clang",
		"/opt/homebrew/include",
		"/opt/homebrew/lib/QtGui.framework/Headers",
		"/opt/homebrew/lib/QtGui.framework",
		"/opt/homebrew/lib/QtWidgets.framework/Headers",
		"/opt/homebrew/lib/QtWidgets.framework",
		"/Library/Developer/CommandLineTools/SDKs/MacOSX12.3.sdk/usr/include/c++/v1",
		"/Library/Developer/CommandLineTools/usr/lib/clang/13.1.6/include",
		"/Library/Developer/CommandLineTools/SDKs/MacOSX12.3.sdk/usr/include",
		"/Library/Developer/CommandLineTools/usr/include"
	],
	"MOC_MACRO_NAMES" : 
	[
		"Q_OBJECT",
		"Q_GADGET",
		"Q_GADGET_EXPORT",
		"Q_NAMESPACE",
		"Q_NAMESPACE_EXPORT"
	],
	"MOC_OPTIONS" : [],
	"MOC_PATH_PREFIX" : false,
	"MOC_PREDEFS_CMD" : 
	[
		"/Library/Developer/CommandLineTools/usr/bin/c++",
		"-dM",
		"-E",
		"-c",
		"/Applications/CLion.app/Contents/bin/cmake/mac/share/cmake-3.21/Modules/CMakeCXXCompilerABI.cpp"
	],
	"MOC_PREDEFS_FILE" : "/Users/paw1a/study/oop/lab01/cmake-build-debug/lab01_autogen/moc_predefs.h",
	"MOC_RELAXED_MODE" : false,
	"MOC_SKIP" : [],
	"MULTI_CONFIG" : false,
	"PARALLEL" : 8,
	"PARSE_CACHE_FILE" : "/Users/paw1a/study/oop/lab01/cmake-build-debug/CMakeFiles/lab01_autogen.dir/ParseCache.txt",
	"QT_MOC_EXECUTABLE" : "/opt/homebrew/share/qt/libexec/moc",
	"QT_UIC_EXECUTABLE" : "/opt/homebrew/share/qt/libexec/uic",
	"QT_VERSION_MAJOR" : 6,
	"QT_VERSION_MINOR" : 4,
	"SETTINGS_FILE" : "/Users/paw1a/study/oop/lab01/cmake-build-debug/CMakeFiles/lab01_autogen.dir/AutogenUsed.txt",
	"SOURCES" : 
	[
		[ "/Users/paw1a/study/oop/lab01/draw.cpp", "MU", null ],
		[ "/Users/paw1a/study/oop/lab01/edges.cpp", "MU", null ],
		[ "/Users/paw1a/study/oop/lab01/error.cpp", "MU", null ],
		[ "/Users/paw1a/study/oop/lab01/event.cpp", "MU", null ],
		[ "/Users/paw1a/study/oop/lab01/figure.cpp", "MU", null ],
		[ "/Users/paw1a/study/oop/lab01/main.cpp", "MU", null ],
		[ "/Users/paw1a/study/oop/lab01/mainwindow.cpp", "MU", null ],
		[ "/Users/paw1a/study/oop/lab01/point.cpp", "MU", null ],
		[ "/Users/paw1a/study/oop/lab01/points.cpp", "MU", null ]
	],
	"UIC_OPTIONS" : [],
	"UIC_SEARCH_PATHS" : [],
	"UIC_SKIP" : [],
	"UIC_UI_FILES" : [],
	"VERBOSITY" : 0
}
